"depto_norm","grupo_bin","n","pop_fem","tasa_por_100k","id_area","y","E","resp","resp_f","eta_hat","RR"
"amazonas",0,1867,403646,462.534002566605,1,1867,918.696839457495,1,"nat_no_sexual",0.70872479138483,2.03139914856236
"amazonas",1,1138,403646,281.930206170754,1,1138,356.706822852695,2,"nat_sexual",1.15622691393961,3.17792006103751
"antioquia",0,103855,36416053,285.190160504215,2,103855,82882.8052219435,1,"nat_no_sexual",0.225557583710002,1.25302118564758
"antioquia",1,40209,36416053,110.415590618786,2,40209,32181.3038317371,2,"nat_sexual",0.222718200659338,1.24946842474237
"arauca",0,2960,1394902,212.20128725889,3,2960,3174.79191854481,1,"nat_no_sexual",-0.0690194087332856,0.93330856556539
"arauca",1,1943,1394902,139.292939575683,3,1943,1232.69166698263,2,"nat_sexual",0.45293632895342,1.57292403360638
"atlantico",0,18630,14429839,129.10746959824,4,18630,32842.2614944295,1,"nat_no_sexual",-0.566905677961182,0.567278066727358
"atlantico",1,8460,14429839,58.6285127644182,4,8460,12751.8222005567,2,"nat_sexual",-0.410286779031439,0.663459956447795
"bogota dc",0,70772,42866405,165.098986024137,5,70772,97563.7830980734,1,"nat_no_sexual",-0.321002921798731,0.725421131452503
"bogota dc",1,34782,42866405,81.1404641933467,5,34782,37881.5574405961,2,"nat_sexual",-0.0853713487738223,0.918171259314447
"bolivar",0,15472,11524349,134.254872010558,6,15472,26229.3767387888,1,"nat_no_sexual",-0.527642503988426,0.58999424050354
"bolivar",1,8704,11524349,75.5270427856706,6,8704,10184.2057576085,2,"nat_sexual",-0.15731493585014,0.85443492425059
"boyaca",0,22671,6827571,332.050739567556,7,22671,15539.5269589483,1,"nat_no_sexual",0.377389179381865,1.45847180609101
"boyaca",1,4280,6827571,62.6870083079327,7,4280,6033.60657410502,2,"nat_sexual",-0.341751231499447,0.710524938948978
"caldas",0,15667,5704118,274.661218439029,8,15667,12982.5519848892,1,"nat_no_sexual",0.187852953620927,1.20665606789785
"caldas",1,5658,5704118,99.1914963890999,8,5658,5040.79765179605,2,"nat_sexual",0.115469636527075,1.12240043405569
"caqueta",0,5153,2214014,232.744689057973,9,5153,5039.08787480774,1,"nat_no_sexual",0.0226953171095505,1.02295481523119
"caqueta",1,2797,2214014,126.331631145964,9,2797,1956.55078878866,2,"nat_sexual",0.356987115919591,1.42901745815943
"casanare",0,7329,2301014,318.511751775522,10,7329,5237.09956087128,1,"nat_no_sexual",0.335700409212964,1.39891985852347
"casanare",1,2584,2301014,112.298317176688,10,2584,2033.43373470707,2,"nat_sexual",0.239572882736197,1.27070629380266
"cauca",0,15369,8177630,187.93953749436,11,15369,18612.2563713075,1,"nat_no_sexual",-0.191311212878888,0.825875525052841
"cauca",1,8205,8177630,100.334693548131,11,8205,7226.66994288283,2,"nat_sexual",0.126883736146981,1.1352850174978
"cesar",0,11546,6795341,169.910531347875,12,11546,15466.1715952491,1,"nat_no_sexual",-0.292196616224308,0.746621723596703
"cesar",1,6017,6795341,88.5459611224808,12,6017,6005.12453563433,2,"nat_sexual",0.00146719749053808,1.00146827435137
"choco",0,1096,2983321,36.7375820436353,13,1096,6790.02783079028,1,"nat_no_sexual",-1.81241200547904,0.163259877796653
"choco",1,1367,2983321,45.8214184796071,13,1367,2636.39663333645,2,"nat_sexual",-0.658749307297022,0.517498161090611
"cordoba",0,15769,9967304,158.207274504721,14,15769,22685.5479373313,1,"nat_no_sexual",-0.363635343126008,0.695144637800819
"cordoba",1,6992,9967304,70.1493603485958,14,6992,8808.22637223447,2,"nat_sexual",-0.230930269606024,0.793794815730679
"cundinamarca",0,53621,16074042,333.587531997241,15,53621,36584.4615893804,1,"nat_no_sexual",0.382211168009369,1.4655215237229
"cundinamarca",1,11708,16074042,72.8379333586412,15,11708,14204.8241583486,2,"nat_sexual",-0.192843924967064,0.824610665232849
"guainia",0,570,252148,226.057712137316,16,570,573.887938132741,1,"nat_no_sexual",-0.00553030291662315,0.994484961057455
"guainia",1,298,252148,118.184558275299,16,298,222.826218936051,2,"nat_sexual",0.287296101624288,1.33281880486622
"guaviare",0,1043,412102,253.092680938214,17,1043,937.942664944314,1,"nat_no_sexual",0.108548980827142,1.11465950414576
"guaviare",1,721,412102,174.956685480779,17,721,364.179491711156,2,"nat_sexual",0.676868303667777,1.96770581590429
"huila",0,30665,6090718,503.471019344517,18,30665,13862.4521898566,1,"nat_no_sexual",0.793744607536769,2.21166274852727
"huila",1,9071,6090718,148.931538120793,18,9071,5382.44071952086,2,"nat_sexual",0.521974293707315,1.68535174659528
"la guajira",0,5966,5008571,119.115811675626,19,5966,11399.4895227463,1,"nat_no_sexual",-0.647459748005284,0.523373590363324
"la guajira",1,2174,5008571,43.4055941305414,19,2174,4426.13440599472,2,"nat_sexual",-0.709833793833,0.491725918549639
"magdalena",0,9825,7475871,131.422813475513,20,9825,17015.0554195804,1,"nat_no_sexual",-0.549066220079653,0.577488806141013
"magdalena",1,4680,7475871,62.6014012280308,20,4680,6606.51707800052,2,"nat_sexual",-0.344884799313187,0.708301945638581
"meta",0,10004,5675101,176.278801029268,21,10004,12916.5093975961,1,"nat_no_sexual",-0.25514774648089,0.774802015232942
"meta",1,5547,5675101,97.7427538294032,21,5547,5015.1549800522,2,"nat_sexual",0.100497145647715,1.10572048558378
"narino",0,20166,9180852,219.652816535982,22,20166,20895.5860232159,1,"nat_no_sexual",-0.0355451952087809,0.965079116292196
"narino",1,9160,9180852,99.772875110066,22,9160,8113.22928506862,2,"nat_sexual",0.121431910406764,1.12911248249806
"norte de santander",0,16492,8444857,195.290459033232,23,16492,19220.4640590282,1,"nat_no_sexual",-0.153155456172984,0.857996330617428
"norte de santander",1,5077,8444857,60.119431270417,23,5077,7462.82165539938,2,"nat_sexual",-0.384776784466758,0.68060254030924
"putumayo",0,4673,1901549,245.747019929542,24,4673,4327.91866232679,1,"nat_no_sexual",0.0769801026026587,1.08002058658006
"putumayo",1,2898,1901549,152.402067998248,24,2898,1680.42171181857,2,"nat_sexual",0.544046912630864,1.72296546295773
"quindio",0,12481,3066241,407.045630138009,25,12481,6978.75345157635,1,"nat_no_sexual",0.580980669914702,1.78779080401504
"quindio",1,3629,3066241,118.353384486086,25,3629,2709.6740342049,2,"nat_sexual",0.292449461963094,1.33970502879081
"risaralda",0,14439,5431569,265.834789174178,26,14439,12362.2314443728,1,"nat_no_sexual",0.155227004319305,1.16792305459331
"risaralda",1,6857,5431569,126.243448255928,26,6857,4799.94282389814,2,"nat_sexual",0.356303086799718,1.42804030284469
"san andres",0,521,349193,149.201158098816,27,521,794.762007949245,1,"nat_no_sexual",-0.417583437137994,0.658636534807896
"san andres",1,280,349193,80.1848834312257,27,280,308.586052115966,2,"nat_sexual",-0.0988175933761985,0.905907936561884
"santander",0,33190,12337554,269.016046454589,28,33190,28080.2283843669,1,"nat_no_sexual",0.167084302120512,1.18185389389824
"santander",1,9418,12337554,76.3360387318264,28,9418,10902.8447925002,2,"nat_sexual",-0.146185057304109,0.863997799285915
"sucre",0,10213,5020783,203.414487341915,29,10213,11427.2839906798,1,"nat_no_sexual",-0.112491253092783,0.893605163355784
"sucre",1,3637,5020783,72.4389004663217,29,3637,4436.926297208,2,"nat_sexual",-0.198518030779821,0.819944986359604
"tolima",0,12355,7434722,166.179717277929,30,12355,16921.4004440651,1,"nat_no_sexual",-0.314353469840195,0.730260857345768
"tolima",1,5201,7434722,69.9555410410773,30,5201,6570.15321200515,2,"nat_sexual",-0.233449851319943,0.791797302334207
"valle del cauca",0,74618,25925286,287.81938991917,31,74618,59005.8573855102,1,"nat_no_sexual",0.234703522347107,1.26453380713663
"valle del cauca",1,26877,25925286,103.670987467602,31,26877,22910.4869133038,2,"nat_sexual",0.15971239339487,1.17317341004445
"vaupes",0,1015,209351,484.831694140463,32,1015,476.482120564222,1,"nat_no_sexual",0.750339713292419,2.11771931182852
"vaupes",1,299,209351,142.822341426599,32,299,185.005995528345,2,"nat_sexual",0.487123826360537,1.62762814016982
"vichada",0,1042,575681,181.003020770183,33,1042,1310.2478786752,1,"nat_no_sexual",-0.227861374171366,0.796234630870631
"vichada",1,472,575681,81.9898520187395,33,472,508.736220566194,2,"nat_sexual",-0.07172051052088,0.930791005753884
