"depto_norm","grupo_bin","n","pop_fem","tasa_por_100k"
"amazonas",0,1867,403646,462.534002566605
"amazonas",1,1138,403646,281.930206170754
"antioquia",0,103855,36416053,285.190160504215
"antioquia",1,40209,36416053,110.415590618786
"arauca",0,2960,1394902,212.20128725889
"arauca",1,1943,1394902,139.292939575683
"atlantico",0,18630,14429839,129.10746959824
"atlantico",1,8460,14429839,58.6285127644182
"bogota dc",0,70772,42866405,165.098986024137
"bogota dc",1,34782,42866405,81.1404641933467
"bolivar",0,15472,11524349,134.254872010558
"bolivar",1,8704,11524349,75.5270427856706
"boyaca",0,22671,6827571,332.050739567556
"boyaca",1,4280,6827571,62.6870083079327
"caldas",0,15667,5704118,274.661218439029
"caldas",1,5658,5704118,99.1914963890999
"caqueta",0,5153,2214014,232.744689057973
"caqueta",1,2797,2214014,126.331631145964
"casanare",0,7329,2301014,318.511751775522
"casanare",1,2584,2301014,112.298317176688
"cauca",0,15369,8177630,187.93953749436
"cauca",1,8205,8177630,100.334693548131
"cesar",0,11546,6795341,169.910531347875
"cesar",1,6017,6795341,88.5459611224808
"choco",0,1096,2983321,36.7375820436353
"choco",1,1367,2983321,45.8214184796071
"cordoba",0,15769,9967304,158.207274504721
"cordoba",1,6992,9967304,70.1493603485958
"cundinamarca",0,53621,16074042,333.587531997241
"cundinamarca",1,11708,16074042,72.8379333586412
"guainia",0,570,252148,226.057712137316
"guainia",1,298,252148,118.184558275299
"guaviare",0,1043,412102,253.092680938214
"guaviare",1,721,412102,174.956685480779
"huila",0,30665,6090718,503.471019344517
"huila",1,9071,6090718,148.931538120793
"la guajira",0,5966,5008571,119.115811675626
"la guajira",1,2174,5008571,43.4055941305414
"magdalena",0,9825,7475871,131.422813475513
"magdalena",1,4680,7475871,62.6014012280308
"meta",0,10004,5675101,176.278801029268
"meta",1,5547,5675101,97.7427538294032
"narino",0,20166,9180852,219.652816535982
"narino",1,9160,9180852,99.772875110066
"norte de santander",0,16492,8444857,195.290459033232
"norte de santander",1,5077,8444857,60.119431270417
"putumayo",0,4673,1901549,245.747019929542
"putumayo",1,2898,1901549,152.402067998248
"quindio",0,12481,3066241,407.045630138009
"quindio",1,3629,3066241,118.353384486086
"risaralda",0,14439,5431569,265.834789174178
"risaralda",1,6857,5431569,126.243448255928
"san andres",0,521,349193,149.201158098816
"san andres",1,280,349193,80.1848834312257
"santander",0,33190,12337554,269.016046454589
"santander",1,9418,12337554,76.3360387318264
"sucre",0,10213,5020783,203.414487341915
"sucre",1,3637,5020783,72.4389004663217
"tolima",0,12355,7434722,166.179717277929
"tolima",1,5201,7434722,69.9555410410773
"valle del cauca",0,74618,25925286,287.81938991917
"valle del cauca",1,26877,25925286,103.670987467602
"vaupes",0,1015,209351,484.831694140463
"vaupes",1,299,209351,142.822341426599
"vichada",0,1042,575681,181.003020770183
"vichada",1,472,575681,81.9898520187395
